{
  "project_info": {
    "project_number": "476985089704",
    "firebase_url": "https://recordfirebase.firebaseio.com",
    "project_id": "recordfirebase",
    "storage_bucket": "recordfirebase.appspot.com"
  },
  "client": [
    {
      "client_info": {
        "mobilesdk_app_id": "1:476985089704:android:51082d2066407f0afc6c9d",
        "android_client_info": {
          "package_name": "com.example.myapplication"
        }
      },
      "oauth_client": [
        {
          "client_id": "476985089704-f9180h3kl44knjt961ebhdvd42efj2pj.apps.googleusercontent.com",
          "client_type": 1,
          "android_info": {
            "package_name": "com.example.myapplication",
            "certificate_hash": "9adbd03c5384fdc70e5a3d2268b8c3d5a96d06f8"
          }
        },
        {
          "client_id": "476985089704-ho99o5843n42dkve3o0ssvssv2iqtb83.apps.googleusercontent.com",
          "client_type": 3
        }
      ],
      "api_key": [
        {
          "current_key": "AIzaSyDU7S30-u3dwnksfokt_e8kbzj21L0GlvQ"
        }
      ],
      "services": {
        "appinvite_service": {
          "other_platform_oauth_client": [
            {
              "client_id": "476985089704-ho99o5843n42dkve3o0ssvssv2iqtb83.apps.googleusercontent.com",
              "client_type": 3
            }
          ]
        }
      }
    },
    {
      "client_info": {
        "mobilesdk_app_id": "1:476985089704:android:33548df0eb23e40dfc6c9d",
        "android_client_info": {
          "package_name": "com.example.recordfirebase"
        }
      },
      "oauth_client": [
        {
          "client_id": "476985089704-ho99o5843n42dkve3o0ssvssv2iqtb83.apps.googleusercontent.com",
          "client_type": 3
        }
      ],
      "api_key": [
        {
          "current_key": "AIzaSyDU7S30-u3dwnksfokt_e8kbzj21L0GlvQ"
        }
      ],
      "services": {
        "appinvite_service": {
          "other_platform_oauth_client": [
            {
              "client_id": "476985089704-ho99o5843n42dkve3o0ssvssv2iqtb83.apps.googleusercontent.com",
              "client_type": 3
            }
          ]
        }
      }
    }
  ],
  "configuration_version": "1"
}